<!-- ITI-18 Registry Document Query Request -->
<?xml version="1.0" encoding="UTF-8" standalone="yes"?>
<xds:queryRegistry returnType="LeafClass" xmlns:ns6="urn:oasis:names:tc:ebxml-regrep:xsd:query:3.0" xmlns:ns5="urn:oasis:names:tc:ebxml-regrep:xsd:lcm:3.0" xmlns:xds="http://www.openehealth.org/ipf/xds" xmlns:ns2="urn:oasis:names:tc:ebxml-regrep:xsd:rim:3.0" xmlns:ns4="urn:ihe:iti:xds-b:2007" xmlns:ns3="urn:oasis:names:tc:ebxml-regrep:xsd:rs:3.0">
	<xds:findDocumentsQuery type="FindDocuments">
		<extraParameters/>
		<creationTime/>
		<serviceStartTime/>
		<serviceStopTime/>
		<patientId extension="50628407" root="2.16.840.1.113883.3.552.1.3.11.1.1.8.1"/>
		<status>Approved</status>
	</xds:findDocumentsQuery>
</xds:queryRegistry>

<!-- ITI-18 Registry Document Query Response -->
<?xml version="1.0" encoding="UTF-8" standalone="yes"?>
<ns6:AdhocQueryResponse status="urn:oasis:names:tc:ebxml-regrep:ResponseStatusType:Success" xmlns:ns6="urn:oasis:names:tc:ebxml-regrep:xsd:query:3.0" xmlns:ns5="urn:oasis:names:tc:ebxml-regrep:xsd:lcm:3.0" xmlns:xds="http://www.openehealth.org/ipf/xds" xmlns:ns2="urn:oasis:names:tc:ebxml-regrep:xsd:rim:3.0" xmlns:ns4="urn:ihe:iti:xds-b:2007" xmlns:ns3="urn:oasis:names:tc:ebxml-regrep:xsd:rs:3.0">
	<ns2:RegistryObjectList/>
</ns6:AdhocQueryResponse>